{
    "model_info": {
        "model_name": "xlm-roberta-base",
        "train_samples": 433,
        "test_samples": 109,
        "class_distribution": {
            "0_Négatif": 94,
            "1_Neutre": 39,
            "2_Positif": 300
        }
    },
    "transformer_model": {
        "accuracy": 0.8532110091743119,
        "precision": 0.8336823560696716,
        "recall": 0.8532110091743119,
        "f1_weighted": 0.841181137564305,
        "f1_macro": 0.6822809425760695
    },
    "classification_report": {
        "negatif": {
            "precision": 0.9130434782608695,
            "recall": 0.875,
            "f1-score": 0.8936170212765957,
            "support": 24.0
        },
        "neutre": {
            "precision": 0.3333333333333333,
            "recall": 0.2,
            "f1-score": 0.25,
            "support": 10.0
        },
        "positif": {
            "precision": 0.875,
            "recall": 0.9333333333333333,
            "f1-score": 0.9032258064516129,
            "support": 75.0
        },
        "accuracy": 0.8532110091743119,
        "macro avg": {
            "precision": 0.7071256038647343,
            "recall": 0.6694444444444444,
            "f1-score": 0.6822809425760695,
            "support": 109.0
        },
        "weighted avg": {
            "precision": 0.8336823560696716,
            "recall": 0.8532110091743119,
            "f1-score": 0.841181137564305,
            "support": 109.0
        }
    }
}