{
  "data_info": {
    "train_samples": 431,
    "test_samples": 105,
    "class_distribution": {
      "Négatif": 94,
      "Neutre": 39,
      "Positif": 298
    }
  },
  "models": {
    "MultinomialNB": {
      "accuracy": 0.7238095238095238,
      "weighted_f1": 0.6403326323471514,
      "macro_f1": 0.3917456476440142,
      "per_class_f1": {
        "Négatif": 0.3448275862068966,
        "Neutre": 0.0,
        "Positif": 0.8304093567251462
      }
    },
    "ComplementNB": {
      "accuracy": 0.7333333333333333,
      "weighted_f1": 0.7030412682002241,
      "macro_f1": 0.4797966744206083,
      "per_class_f1": {
        "Négatif": 0.6037735849056604,
        "Neutre": 0.0,
        "Positif": 0.8356164383561644
      }
    },
    "LogisticRegression": {
      "accuracy": 0.7714285714285715,
      "weighted_f1": 0.7128817792177112,
      "macro_f1": 0.481218993621545,
      "per_class_f1": {
        "Négatif": 0.5882352941176471,
        "Neutre": 0.0,
        "Positif": 0.8554216867469879
      }
    },
    "RandomForest": {
      "accuracy": 0.7619047619047619,
      "weighted_f1": 0.7083449364151119,
      "macro_f1": 0.4769330734243015,
      "per_class_f1": {
        "Négatif": 0.5789473684210527,
        "Neutre": 0.0,
        "Positif": 0.8518518518518519
      }
    }
  }
}